{ 
"blue" : { 
"0" : [20.601722307054366, 23.12465141947715, 17.323914436054505, 18.354047994837977, 20.601722307054366, 29.13523509488062, 27.5, 32.70319566257483, 32.70319566257483] , 
"1" : [41.20344461410875, 46.2493028389543, 34.64782887210901, 36.70809598967594, 41.20344461410875, 58.27047018976124, 55.0, 65.40639132514966, 65.40639132514966] , 
"2" : [82.4068892282175, 92.4986056779086, 69.29565774421802, 73.41619197935188, 82.4068892282175, 116.54094037952248, 110.0, 130.8127826502993, 130.8127826502993] , 
"3" : [164.81377845643496, 184.9972113558172, 138.59131548843604, 146.8323839587038, 164.81377845643496, 233.08188075904496, 220.0, 261.6255653005986, 261.6255653005986] , 
"4" : [329.6275569128699, 369.9944227116344, 277.1826309768721, 293.6647679174076, 329.6275569128699, 466.1637615180899, 440.0, 523.2511306011972, 523.2511306011972] , 
"5" : [659.2551138257398, 739.9888454232688, 554.3652619537442, 587.3295358348151, 659.2551138257398, 932.3275230361799, 880.0, 1046.5022612023945, 1046.5022612023945] , 
"6" : [1318.5102276514797, 1479.9776908465376, 1108.7305239074883, 1174.6590716696303, 1318.5102276514797, 1864.6550460723597, 1760.0, 2093.004522404789, 2093.004522404789] , 
"7" : [2637.02045530296, 2959.955381693075, 2217.4610478149766, 2349.31814333926, 2637.02045530296, 3729.3100921447194, 3520.0, 4186.009044809578, 4186.009044809578] , 
"8" : [5274.04091060592, 5919.91076338615, 4434.922095629953, 4698.63628667852, 5274.04091060592, 7458.620184289437, 7040.0, 8372.018089619156, 8372.018089619156] , 
}, 
"green" : { 
"0" : [24.499714748859326, 23.12465141947715, 27.5, 27.5, 30.86770632850775, 34.64782887210901, 34.64782887210901, 29.13523509488062, 36.70809598967594] , 
"1" : [48.999429497718666, 46.2493028389543, 55.0, 55.0, 61.7354126570155, 69.29565774421802, 69.29565774421802, 58.27047018976124, 73.41619197935188] , 
"2" : [97.99885899543733, 92.4986056779086, 110.0, 110.0, 123.47082531403103, 138.59131548843604, 138.59131548843604, 116.54094037952248, 146.8323839587038] , 
"3" : [195.99771799087463, 184.9972113558172, 220.0, 220.0, 246.94165062806206, 277.1826309768721, 277.1826309768721, 233.08188075904496, 293.6647679174076] , 
"4" : [391.99543598174927, 369.9944227116344, 440.0, 440.0, 493.8833012561241, 554.3652619537442, 554.3652619537442, 466.1637615180899, 587.3295358348151] , 
"5" : [783.9908719634985, 739.9888454232688, 880.0, 880.0, 987.7666025122483, 1108.7305239074883, 1108.7305239074883, 932.3275230361799, 1174.6590716696303] , 
"6" : [1567.981743926997, 1479.9776908465376, 1760.0, 1760.0, 1975.533205024496, 2217.4610478149766, 2217.4610478149766, 1864.6550460723597, 2349.31814333926] , 
"7" : [3135.9634878539946, 2959.955381693075, 3520.0, 3520.0, 3951.066410048992, 4434.922095629953, 4434.922095629953, 3729.3100921447194, 4698.63628667852] , 
"8" : [6271.926975707989, 5919.91076338615, 7040.0, 7040.0, 7902.132820097988, 8869.844191259906, 8869.844191259906, 7458.620184289437, 9397.272573357044] , 
}, 
"red" : { 
"0" : [24.499714748859326, 34.64782887210901, 20.601722307054366, 21.826764464562746, 25.956543598746574, 25.956543598746574, 27.5, 24.499714748859326, 21.826764464562746] , 
"1" : [48.999429497718666, 69.29565774421802, 41.20344461410875, 43.653528929125486, 51.91308719749314, 51.91308719749314, 55.0, 48.999429497718666, 43.653528929125486] , 
"2" : [97.99885899543733, 138.59131548843604, 82.4068892282175, 87.30705785825097, 103.82617439498628, 103.82617439498628, 110.0, 97.99885899543733, 87.30705785825097] , 
"3" : [195.99771799087463, 277.1826309768721, 164.81377845643496, 174.61411571650194, 207.65234878997256, 207.65234878997256, 220.0, 195.99771799087463, 174.61411571650194] , 
"4" : [391.99543598174927, 554.3652619537442, 329.6275569128699, 349.2282314330039, 415.3046975799451, 415.3046975799451, 440.0, 391.99543598174927, 349.2282314330039] , 
"5" : [783.9908719634985, 1108.7305239074883, 659.2551138257398, 698.4564628660078, 830.6093951598903, 830.6093951598903, 880.0, 783.9908719634985, 698.4564628660078] , 
"6" : [1567.981743926997, 2217.4610478149766, 1318.5102276514797, 1396.9129257320155, 1661.2187903197805, 1661.2187903197805, 1760.0, 1567.981743926997, 1396.9129257320155] , 
"7" : [3135.9634878539946, 4434.922095629953, 2637.02045530296, 2793.825851464031, 3322.437580639561, 3322.437580639561, 3520.0, 3135.9634878539946, 2793.825851464031] , 
"8" : [6271.926975707989, 8869.844191259906, 5274.04091060592, 5587.651702928062, 6644.875161279122, 6644.875161279122, 7040.0, 6271.926975707989, 5587.651702928062] , 
}, 
"black" : { 
"0" : [32.70319566257483, 29.13523509488062, 27.5, 27.5, 25.956543598746574, 23.12465141947715, 21.826764464562746, 19.445436482630058, 18.354047994837977] , 
"1" : [65.40639132514966, 58.27047018976124, 55.0, 55.0, 51.91308719749314, 46.2493028389543, 43.653528929125486, 38.890872965260115, 36.70809598967594] , 
"2" : [130.8127826502993, 116.54094037952248, 110.0, 110.0, 103.82617439498628, 92.4986056779086, 87.30705785825097, 77.78174593052023, 73.41619197935188] , 
"3" : [261.6255653005986, 233.08188075904496, 220.0, 220.0, 207.65234878997256, 184.9972113558172, 174.61411571650194, 155.56349186104046, 146.8323839587038] , 
"4" : [523.2511306011972, 466.1637615180899, 440.0, 440.0, 415.3046975799451, 369.9944227116344, 349.2282314330039, 311.1269837220809, 293.6647679174076] , 
"5" : [1046.5022612023945, 932.3275230361799, 880.0, 880.0, 830.6093951598903, 739.9888454232688, 698.4564628660078, 622.2539674441618, 587.3295358348151] , 
"6" : [2093.004522404789, 1864.6550460723597, 1760.0, 1760.0, 1661.2187903197805, 1479.9776908465376, 1396.9129257320155, 1244.5079348883237, 1174.6590716696303] , 
"7" : [4186.009044809578, 3729.3100921447194, 3520.0, 3520.0, 3322.437580639561, 2959.955381693075, 2793.825851464031, 2489.0158697766474, 2349.31814333926] , 
"8" : [8372.018089619156, 7458.620184289437, 7040.0, 7040.0, 6644.875161279122, 5919.91076338615, 5587.651702928062, 4978.031739553295, 4698.63628667852] , 
} 
} 
