{ 
"blue" : { 
"p1" : { 
"1" : [164.81377845643496, 130.8127826502993, 184.9972113558172, 233.08188075904496, 220.0, 146.8323839587038] ,  
"2" : [329.6275569128699, 261.6255653005986, 369.9944227116344, 466.1637615180899, 440.0, 293.6647679174076] ,  
"3" : [493.8833012561241, 391.99543598174927, 554.3652619537442, 698.4564628660078, 659.2551138257398, 440.0] ,  
"4" : [659.2551138257398, 523.2511306011972, 739.9888454232688, 932.3275230361799, 880.0, 587.3295358348151] ,  
"5" : [830.6093951598903, 659.2551138257398, 932.3275230361799, 1174.6590716696303, 1108.7305239074883, 739.9888454232688] ,  
"6" : [987.7666025122483, 783.9908719634985, 1108.7305239074883, 1396.9129257320155, 1318.5102276514797, 880.0] ,  
"8" : [1318.5102276514797, 1046.5022612023945, 1479.9776908465376, 1864.6550460723597, 1760.0, 1174.6590716696303] ,  
"10" : [1661.2187903197805, 1318.5102276514797, 1864.6550460723597, 2349.31814333926, 2217.4610478149766, 1479.9776908465376] 
} , 
"p2" : { 
"1" : [146.8323839587038, 110.0, 146.8323839587038, 164.81377845643496, 207.65234878997256, 184.9972113558172, 220.0] ,  
"2" : [293.6647679174076, 220.0, 293.6647679174076, 329.6275569128699, 415.3046975799451, 369.9944227116344, 440.0] ,  
"3" : [440.0, 329.6275569128699, 440.0, 493.8833012561241, 622.2539674441618, 554.3652619537442, 659.2551138257398] ,  
"4" : [587.3295358348151, 440.0, 587.3295358348151, 659.2551138257398, 830.6093951598903, 739.9888454232688, 880.0] ,  
"5" : [739.9888454232688, 554.3652619537442, 739.9888454232688, 830.6093951598903, 1046.5022612023945, 932.3275230361799, 1108.7305239074883] ,  
"6" : [880.0, 659.2551138257398, 880.0, 987.7666025122483, 1244.5079348883237, 1108.7305239074883, 1318.5102276514797] ,  
"8" : [1174.6590716696303, 880.0, 1174.6590716696303, 1318.5102276514797, 1661.2187903197805, 1479.9776908465376, 1760.0] ,  
"10" : [1479.9776908465376, 1108.7305239074883, 1479.9776908465376, 1661.2187903197805, 2093.004522404789, 1864.6550460723597, 2217.4610478149766] 
} , 
"p3" : { 
"1" : [220.0, 174.61411571650194, 261.6255653005986, 155.56349186104046, 146.8323839587038, 195.99771799087463] ,  
"2" : [440.0, 349.2282314330039, 523.2511306011972, 311.1269837220809, 293.6647679174076, 391.99543598174927] ,  
"3" : [659.2551138257398, 523.2511306011972, 783.9908719634985, 466.1637615180899, 880.0, 587.3295358348151] ,  
"4" : [880.0, 698.4564628660078, 1046.5022612023945, 622.2539674441618, 587.3295358348151, 783.9908719634985] ,  
"5" : [1108.7305239074883, 880.0, 1318.5102276514797, 783.9908719634985, 739.9888454232688, 987.7666025122483] ,  
"6" : [1318.5102276514797, 1046.5022612023945, 1567.981743926997, 932.3275230361799, 1760.0, 1174.6590716696303] ,  
"8" : [1760.0, 1396.9129257320155, 2093.004522404789, 1244.5079348883237, 1174.6590716696303, 1567.981743926997] ,  
"10" : [2217.4610478149766, 1760.0, 2637.02045530296, 1567.981743926997, 1479.9776908465376, 1975.533205024496] 
} 
}, 
"green" : { 
"p1" : { 
"1" : [195.99771799087463, 391.99543598174927, 233.08188075904496, 277.1826309768721, 311.1269837220809, 329.6275569128699, 440.0] ,  
"2" : [391.99543598174927, 783.9908719634985, 466.1637615180899, 554.3652619537442, 622.2539674441618, 659.2551138257398, 880.0] ,  
"3" : [587.3295358348151, 1174.6590716696303, 698.4564628660078, 830.6093951598903, 932.3275230361799, 987.7666025122483, 1318.5102276514797] ,  
"4" : [783.9908719634985, 1567.981743926997, 932.3275230361799, 1108.7305239074883, 1244.5079348883237, 1318.5102276514797, 1760.0] ,  
"5" : [987.7666025122483, 1975.533205024496, 1174.6590716696303, 1396.9129257320155, 1567.981743926997, 1661.2187903197805, 2217.4610478149766] ,  
"6" : [1174.6590716696303, 2349.31814333926, 1396.9129257320155, 1661.2187903197805, 1864.6550460723597, 1975.533205024496, 2637.02045530296] ,  
"8" : [1567.981743926997, 3135.9634878539946, 1864.6550460723597, 2217.4610478149766, 2489.0158697766474, 2637.02045530296, 3520.0] ,  
"10" : [1975.533205024496, 3951.066410048992, 2349.31814333926, 2793.825851464031, 3135.9634878539946, 3322.437580639561, 4434.922095629953] 
} , 
"p2" : { 
"1" : [220.0, 440.0, 207.65234878997256, 246.94165062806206, 277.1826309768721, 415.3046975799451, 277.1826309768721] ,  
"2" : [440.0, 880.0, 415.3046975799451, 493.8833012561241, 554.3652619537442, 830.6093951598903, 554.3652619537442] ,  
"3" : [659.2551138257398, 1318.5102276514797, 622.2539674441618, 739.9888454232688, 830.6093951598903, 1244.5079348883237, 830.6093951598903] ,  
"4" : [880.0, 1760.0, 830.6093951598903, 987.7666025122483, 1108.7305239074883, 1661.2187903197805, 1108.7305239074883] ,  
"5" : [1108.7305239074883, 2217.4610478149766, 1046.5022612023945, 1244.5079348883237, 1396.9129257320155, 2093.004522404789, 1396.9129257320155] ,  
"6" : [1318.5102276514797, 2637.02045530296, 1244.5079348883237, 1479.9776908465376, 1661.2187903197805, 2489.0158697766474, 1661.2187903197805] ,  
"8" : [1760.0, 3520.0, 1661.2187903197805, 1975.533205024496, 2217.4610478149766, 3322.437580639561, 2217.4610478149766] ,  
"10" : [2217.4610478149766, 4434.922095629953, 2093.004522404789, 2489.0158697766474, 2793.825851464031, 4186.009044809578, 2793.825851464031] 
} , 
"p3" : { 
"1" : [138.59131548843604, 277.1826309768721, 155.56349186104046, 195.99771799087463, 220.0, 195.99771799087463, 130.8127826502993] ,  
"2" : [277.1826309768721, 554.3652619537442, 311.1269837220809, 391.99543598174927, 440.0, 391.99543598174927, 261.6255653005986] ,  
"3" : [415.3046975799451, 830.6093951598903, 466.1637615180899, 587.3295358348151, 659.2551138257398, 587.3295358348151, 391.99543598174927] ,  
"4" : [554.3652619537442, 1108.7305239074883, 622.2539674441618, 783.9908719634985, 880.0, 783.9908719634985, 523.2511306011972] ,  
"5" : [698.4564628660078, 1396.9129257320155, 783.9908719634985, 987.7666025122483, 1108.7305239074883, 987.7666025122483, 659.2551138257398] ,  
"6" : [830.6093951598903, 1661.2187903197805, 932.3275230361799, 1174.6590716696303, 1318.5102276514797, 1174.6590716696303, 783.9908719634985] ,  
"8" : [1108.7305239074883, 2217.4610478149766, 1244.5079348883237, 1567.981743926997, 1760.0, 1567.981743926997, 1046.5022612023945] ,  
"10" : [1396.9129257320155, 2793.825851464031, 1567.981743926997, 1975.533205024496, 2217.4610478149766, 1975.533205024496, 1318.5102276514797] 
} 
} 
}