{ 
"blue" : { 
"1" : { 
"p1" : [41.20344461410875, 32.70319566257483, 46.2493028389543, 34.64782887210901, 34.64782887210901, 55.0] ,
"p2" : [36.70809598967594, 43.653528929125486, 41.20344461410875, 30.86770632850775, 58.27047018976124, 51.91308719749314] ,
"p3" : [55.0, 69.29565774421802, 58.27047018976124, 65.40639132514966, 65.40639132514966, 73.41619197935188] 
} , 
"2" : { 
"p1" : [82.4068892282175, 65.40639132514966, 92.4986056779086, 69.29565774421802, 69.29565774421802, 110.0] ,
"p2" : [73.41619197935188, 87.30705785825097, 82.4068892282175, 61.7354126570155, 116.54094037952248, 103.82617439498628] ,
"p3" : [110.0, 138.59131548843604, 116.54094037952248, 130.8127826502993, 130.8127826502993, 146.8323839587038] 
} , 
"3" : { 
"p1" : [164.81377845643496, 130.8127826502993, 184.9972113558172, 138.59131548843604, 138.59131548843604, 220.0] ,
"p2" : [146.8323839587038, 174.61411571650194, 164.81377845643496, 123.47082531403103, 233.08188075904496, 207.65234878997256] ,
"p3" : [220.0, 277.1826309768721, 233.08188075904496, 261.6255653005986, 261.6255653005986, 293.6647679174076] 
} , 
"4" : { 
"p1" : [329.6275569128699, 261.6255653005986, 369.9944227116344, 277.1826309768721, 277.1826309768721, 440.0] ,
"p2" : [293.6647679174076, 349.2282314330039, 329.6275569128699, 246.94165062806206, 466.1637615180899, 415.3046975799451] ,
"p3" : [440.0, 554.3652619537442, 466.1637615180899, 523.2511306011972, 523.2511306011972, 587.3295358348151] 
} , 
"5" : { 
"p1" : [659.2551138257398, 523.2511306011972, 739.9888454232688, 554.3652619537442, 554.3652619537442, 880.0] ,
"p2" : [587.3295358348151, 698.4564628660078, 659.2551138257398, 493.8833012561241, 932.3275230361799, 830.6093951598903] ,
"p3" : [880.0, 1108.7305239074883, 932.3275230361799, 1046.5022612023945, 1046.5022612023945, 1174.6590716696303] 
} , 
"6" : { 
"p1" : [1318.5102276514797, 1046.5022612023945, 1479.9776908465376, 1108.7305239074883, 1108.7305239074883, 1760.0] ,
"p2" : [1174.6590716696303, 1396.9129257320155, 1318.5102276514797, 987.7666025122483, 1864.6550460723597, 1661.2187903197805] ,
"p3" : [1760.0, 2217.4610478149766, 1864.6550460723597, 2093.004522404789, 2093.004522404789, 2349.31814333926] 
} 
}, 
"green" : { 
"1" : { 
"p1" : [48.999429497718666, 41.20344461410875, 46.2493028389543, 58.27047018976124, 69.29565774421802, 55.0] ,
"p2" : [55.0, 43.653528929125486, 61.7354126570155, 73.41619197935188, 69.29565774421802, 46.2493028389543] ,
"p3" : [69.29565774421802, 55.0, 58.27047018976124, 65.40639132514966, 73.41619197935188, 87.30705785825097] 
} , 
"2" : { 
"p1" : [97.99885899543733, 82.4068892282175, 92.4986056779086, 116.54094037952248, 138.59131548843604, 110.0] ,
"p2" : [110.0, 87.30705785825097, 123.47082531403103, 146.8323839587038, 138.59131548843604, 92.4986056779086] ,
"p3" : [138.59131548843604, 110.0, 116.54094037952248, 130.8127826502993, 146.8323839587038, 174.61411571650194] 
} , 
"3" : { 
"p1" : [195.99771799087463, 164.81377845643496, 184.9972113558172, 233.08188075904496, 277.1826309768721, 220.0] ,
"p2" : [220.0, 174.61411571650194, 246.94165062806206, 293.6647679174076, 277.1826309768721, 369.9944227116344] ,
"p3" : [277.1826309768721, 220.0, 233.08188075904496, 261.6255653005986, 293.6647679174076, 349.2282314330039] 
} , 
"4" : { 
"p1" : [391.99543598174927, 329.6275569128699, 369.9944227116344, 466.1637615180899, 554.3652619537442, 440.0] ,
"p2" : [440.0, 349.2282314330039, 493.8833012561241, 587.3295358348151, 554.3652619537442, 739.9888454232688] ,
"p3" : [554.3652619537442, 440.0, 466.1637615180899, 523.2511306011972, 587.3295358348151, 698.4564628660078] 
} , 
"5" : { 
"p1" : [783.9908719634985, 659.2551138257398, 739.9888454232688, 932.3275230361799, 1108.7305239074883, 880.0] ,
"p2" : [880.0, 698.4564628660078, 987.7666025122483, 1174.6590716696303, 1108.7305239074883, 1479.9776908465376] ,
"p3" : [1108.7305239074883, 880.0, 932.3275230361799, 1046.5022612023945, 1174.6590716696303, 1396.9129257320155] 
} , 
"6" : { 
"p1" : [783.9908719634985, 659.2551138257398, 739.9888454232688, 932.3275230361799, 1108.7305239074883, 880.0] ,
"p2" : [880.0, 698.4564628660078, 987.7666025122483, 1174.6590716696303, 1108.7305239074883, 1479.9776908465376] ,
"p3" : [1108.7305239074883, 880.0, 932.3275230361799, 1046.5022612023945, 1174.6590716696303, 1396.9129257320155] 
} 
} 
}